Date,SPY,EFA,AGG,GLD,EURUSD
2020-01-02,370.0,70.0,115.0,175.0,1.22
2020-01-03,371.4041,69.7481,115.2778,176.6928,1.2096
2020-01-06,366.0822,69.0886,115.2186,176.4941,1.2046
2020-01-07,369.8738,69.9242,115.1909,178.3554,1.2086
2020-01-08,366.4093,69.6122,114.8305,179.362,1.2088
2020-01-09,365.7637,69.2386,115.3482,179.5245,1.2056
2020-01-10,364.4273,69.2806,115.5265,180.3002,1.2082
2020-01-13,373.5096,70.3303,115.15,179.0587,1.2119
2020-01-14,378.4476,70.9407,114.7042,177.63,1.2156
2020-01-15,381.7774,71.6182,114.3692,177.8677,1.2172
2020-01-16,382.8526,72.14,114.4532,179.0532,1.2185
2020-01-17,384.2375,72.6015,113.8126,178.1487,1.2167
2020-01-20,381.5909,72.1247,114.4774,177.2855,1.2205
2020-01-21,374.503,71.0248,114.6416,178.1237,1.2234
2020-01-22,378.0128,71.3462,114.3774,179.3736,1.2232
2020-01-23,372.7081,70.1497,114.0416,179.735,1.223
2020-01-24,375.7626,70.3753,114.0485,180.8313,1.2218
2020-01-27,377.8395,70.3688,113.8451,180.1646,1.2152
2020-01-28,380.0579,70.4613,113.8024,180.9714,1.2177
2020-01-29,383.0636,70.8143,113.5686,180.7851,1.2092
2020-01-30,376.9546,69.4509,113.2106,180.9529,1.2033
2020-01-31,375.4666,69.8015,113.093,182.0194,1.1995
2020-02-03,374.7175,69.3025,112.9398,183.2135,1.1904
2020-02-04,376.6932,69.6615,112.6553,180.8176,1.1905
2020-02-05,374.5629,69.4782,112.6919,183.329,1.19
2020-02-06,370.3642,68.9976,112.8428,185.5134,1.1945
2020-02-07,371.9896,69.8273,112.3312,184.1875,1.1907
2020-02-10,370.4722,69.0467,112.5936,184.0117,1.1818
2020-02-11,366.3523,68.6292,113.0063,187.4476,1.1974
2020-02-12,368.2002,68.4636,112.06,187.1786,1.1934
2020-02-13,366.5921,67.998,112.0092,188.8341,1.1942
2020-02-14,366.055,67.5024,111.2966,187.4525,1.1933
2020-02-17,373.5913,68.541,111.5861,187.1666,1.1877
2020-02-18,369.6481,67.7275,112.5183,186.51,1.1902
2020-02-19,366.0046,67.6314,112.7413,186.3722,1.1899
2020-02-20,363.4181,67.4723,112.5883,184.2489,1.1827
2020-02-21,364.2511,68.23,112.6572,184.2013,1.1851
2020-02-24,369.8082,69.0596,112.3946,185.9661,1.1888
2020-02-25,376.4296,70.0135,111.7773,183.5313,1.1977
2020-02-26,383.9867,70.9324,111.4963,185.89,1.1936
2020-02-27,380.2372,70.7131,111.388,185.7203,1.1928
2020-02-28,381.8224,71.5281,111.4144,186.8805,1.1836
2020-03-02,381.7385,71.1525,110.8901,185.0582,1.1811
2020-03-03,385.8519,71.1234,110.8171,184.3666,1.1788
2020-03-04,390.3939,71.9509,111.3066,184.7026,1.1758
2020-03-05,389.5338,71.9428,111.388,183.0632,1.1756
2020-03-06,390.673,73.1976,112.1829,182.4691,1.175
2020-03-09,384.3715,72.0974,112.3903,184.3756,1.1707
2020-03-10,381.658,70.8089,112.3236,182.5605,1.1659
2020-03-11,378.0078,70.2859,111.6332,179.6411,1.1757
2020-03-12,372.6536,69.1159,112.4584,184.7124,1.1696
2020-03-13,371.2242,69.0691,113.2056,183.7439,1.1675
2020-03-16,374.6353,69.7022,112.9932,183.5086,1.1612
2020-03-17,373.7492,69.4723,113.0929,182.7143,1.1629
2020-03-18,378.1914,70.1237,113.169,183.0319,1.1635
2020-03-19,375.2346,69.8663,113.1689,186.3064,1.1724
2020-03-20,377.0052,69.7772,112.6545,187.8817,1.1743
2020-03-23,379.1894,69.3284,112.98,188.9634,1.1679
2020-03-24,377.2929,69.1913,113.0264,188.5051,1.1672
2020-03-25,376.3416,69.1303,113.6578,184.8994,1.1642
2020-03-26,377.221,69.3685,113.4831,182.0495,1.1653
2020-03-27,384.8101,69.7078,113.7066,181.9517,1.1646
2020-03-30,380.3698,68.9945,114.3135,183.2416,1.1726
2020-03-31,385.6102,69.8537,114.9801,184.6662,1.1776
2020-04-01,384.4435,69.7307,114.6913,186.014,1.1722
2020-04-02,387.998,70.107,115.1303,187.7155,1.1819
2020-04-03,391.3565,69.87,115.0211,185.8542,1.178
2020-04-06,398.2529,71.0159,114.6223,184.1705,1.179
2020-04-07,392.9276,70.0537,114.8155,186.0306,1.1816
2020-04-08,382.9778,68.9137,114.9901,186.5691,1.1891
2020-04-09,374.2465,67.5502,115.3605,184.0922,1.1942
2020-04-10,375.9379,68.1143,115.0931,185.2741,1.201
2020-04-13,377.0573,68.3547,115.1875,184.0482,1.2
2020-04-14,376.5309,68.4447,115.6241,182.7425,1.1987
2020-04-15,383.0367,68.972,115.152,182.912,1.2037
2020-04-16,383.2138,69.5508,115.5297,184.6009,1.2077
2020-04-17,393.5935,70.7966,114.5043,186.6931,1.2077
2020-04-20,394.2063,71.4379,113.8232,184.2195,1.1999
2020-04-21,390.8025,71.187,114.094,184.8139,1.1924
2020-04-22,380.8253,69.9121,114.0333,185.2271,1.1952
2020-04-23,381.5496,70.3285,114.1231,186.2151,1.1923
2020-04-24,380.8999,70.3263,114.478,185.8866,1.1947
2020-04-27,379.8798,70.1418,114.8388,183.0083,1.1865
2020-04-28,373.673,68.3528,114.601,183.8086,1.1834
2020-04-29,374.6365,68.93,115.1636,184.2252,1.1908
2020-04-30,375.1528,68.6483,114.8802,181.7058,1.185
2020-05-01,373.7572,68.7995,115.646,180.1491,1.1862
2020-05-04,369.4962,68.4364,115.6545,177.2476,1.1898
2020-05-05,367.0921,67.8992,115.2152,175.8712,1.1912
2020-05-06,366.4271,67.946,115.3782,178.0237,1.1902
2020-05-07,360.4618,67.5917,115.3375,179.5704,1.1927
2020-05-08,360.046,67.6782,116.1847,183.499,1.1939
2020-05-11,360.8205,68.2237,115.8135,183.8102,1.1949
2020-05-12,362.2275,68.0682,115.0854,180.0604,1.1879
2020-05-13,360.4684,67.7121,115.9369,182.4194,1.1828
2020-05-14,362.0127,67.7507,115.7751,182.661,1.186
2020-05-15,360.7428,68.0171,115.31,182.3164,1.2002
2020-05-18,361.7767,68.7483,115.3457,183.3474,1.2012
2020-05-19,361.1984,68.3466,115.5211,182.1471,1.2035
2020-05-20,365.7924,69.116,115.322,182.8904,1.203
2020-05-21,369.8164,68.8879,115.0799,179.7248,1.1935
2020-05-22,375.7049,70.0436,114.6854,177.3371,1.1789
2020-05-25,373.5208,70.7817,114.9324,176.6751,1.1821
2020-05-26,367.0899,69.7867,115.0626,176.4756,1.185
2020-05-27,368.6498,70.2802,114.7445,177.692,1.1946
2020-05-28,364.738,69.375,115.3589,177.7668,1.2005
2020-05-29,363.0331,69.7547,115.4557,178.2376,1.2094
2020-06-01,361.6672,69.1725,115.2625,178.7603,1.2008
2020-06-02,364.412,69.3185,115.6979,175.5476,1.1952
2020-06-03,357.6286,68.0569,115.8937,175.2334,1.1923
2020-06-04,357.1024,68.0687,115.4614,175.9961,1.1963
2020-06-05,358.7841,68.5261,115.5621,179.2792,1.1975
2020-06-08,357.6559,68.0613,115.1166,177.0151,1.1918
2020-06-09,357.4883,68.1757,115.1381,175.8999,1.1962
2020-06-10,360.618,68.5327,114.7973,176.6011,1.1978
2020-06-11,354.8629,67.7247,114.9932,175.2373,1.1975
2020-06-12,349.1732,67.4932,115.6352,175.2102,1.199
2020-06-15,339.8739,65.748,115.6394,173.3198,1.2002
2020-06-16,347.7745,66.3568,115.1208,173.5536,1.2092
2020-06-17,343.1015,65.8199,115.9805,171.6202,1.2007
2020-06-18,341.5711,65.4041,116.3433,172.2181,1.1909
2020-06-19,343.6874,65.4624,116.8456,171.7455,1.187
2020-06-22,345.9177,66.0677,117.0065,169.4973,1.1895
2020-06-23,341.9982,65.6272,116.4477,169.6586,1.1854
2020-06-24,337.1724,65.2477,116.638,168.7885,1.1923
2020-06-25,335.6035,65.0437,116.7747,167.9686,1.1941
2020-06-26,333.6905,64.6182,117.3898,166.867,1.1803
2020-06-29,339.9549,66.4952,117.1327,164.1885,1.1801
2020-06-30,338.9661,66.2808,116.6527,164.6719,1.1831
2020-07-01,333.3815,65.7793,117.6503,165.4767,1.1807
2020-07-02,332.9559,65.9639,116.9006,165.2132,1.1794
2020-07-03,340.1188,66.8988,117.4952,164.3111,1.1823
2020-07-06,341.4663,66.7349,117.5287,166.1187,1.1809
2020-07-07,335.0891,65.8386,117.2353,165.2565,1.1796
2020-07-08,328.78,64.3225,117.5261,164.5243,1.1643
2020-07-09,331.8293,64.8523,117.1549,162.5435,1.1685
2020-07-10,333.2572,65.994,117.3407,163.3221,1.1694
2020-07-13,336.4698,66.6968,117.8351,163.0666,1.1675
2020-07-14,334.7582,66.7733,118.5301,162.8842,1.165
2020-07-15,336.0642,66.8584,118.9172,160.0794,1.1594
2020-07-16,333.2067,65.527,118.4976,158.457,1.1564
2020-07-17,337.5506,66.0348,117.954,158.1751,1.1622
2020-07-20,333.9468,65.1722,118.2419,157.9727,1.1642
2020-07-21,334.0061,65.457,117.7868,157.695,1.1637
2020-07-22,329.5424,64.223,118.1368,157.323,1.1567
2020-07-23,329.2927,64.6271,117.1477,154.6994,1.1524
2020-07-24,334.9053,65.5198,117.3807,153.535,1.1469
2020-07-27,336.7221,65.7949,117.5823,153.4986,1.1484
2020-07-28,337.4386,66.2044,117.928,151.6502,1.1368
2020-07-29,341.4068,67.2377,117.4201,149.0754,1.1377
2020-07-30,345.1441,68.5003,117.6011,148.8649,1.1345
2020-07-31,345.3037,68.3983,117.1408,151.2489,1.1444
2020-08-03,349.8969,68.6599,117.416,152.4047,1.1468
2020-08-04,355.0082,69.6381,117.6568,153.5758,1.1496
2020-08-05,348.0162,68.694,117.5225,151.6434,1.1566
2020-08-06,355.0244,70.2493,117.5293,153.662,1.159
2020-08-07,355.9601,69.9164,117.6638,153.8682,1.1519
2020-08-10,355.8719,69.8697,118.4483,155.5927,1.152
2020-08-11,356.9959,70.0446,118.3323,154.134,1.1508
2020-08-12,354.1062,69.1157,118.5797,154.7456,1.1409
2020-08-13,353.7315,69.4802,119.0627,156.4637,1.142
2020-08-14,350.4748,68.5731,119.2465,157.017,1.1474
2020-08-17,354.9916,69.1444,118.6075,156.3244,1.149
2020-08-18,354.2969,68.8067,118.7142,155.7179,1.1451
2020-08-19,355.6685,68.8278,118.7852,156.1922,1.1395
2020-08-20,353.8507,69.1757,118.3143,153.0666,1.1301
2020-08-21,354.0852,69.2206,118.2506,154.6691,1.1177
2020-08-24,355.7967,70.1166,117.7401,153.9301,1.1152
2020-08-25,352.324,69.4914,118.4144,156.7534,1.1136
2020-08-26,360.1372,70.5983,119.0541,157.2936,1.1148
2020-08-27,361.753,72.1974,119.446,156.708,1.121
2020-08-28,360.3917,71.7904,119.8588,157.002,1.1217
2020-08-31,360.5687,71.9612,120.043,154.5595,1.124
2020-09-01,356.6947,70.7897,120.0514,154.5795,1.1194
2020-09-02,360.1914,70.7056,119.782,153.7379,1.1186
2020-09-03,361.4524,70.4501,120.0618,154.048,1.1089
2020-09-04,353.6312,69.3568,120.0855,153.7395,1.1078
2020-09-07,354.6547,69.8983,119.5768,151.9442,1.1028
2020-09-08,355.9368,70.6068,119.3732,148.6574,1.0944
2020-09-09,352.7078,69.9138,119.2289,148.5516,1.0922
2020-09-10,357.0482,70.2362,118.7545,149.006,1.0855
2020-09-11,358.7487,70.5169,118.6541,151.0691,1.0837
2020-09-14,367.3504,71.6168,117.9382,150.9601,1.0797
2020-09-15,364.3535,71.3713,118.2292,150.2906,1.0838
2020-09-16,369.2899,72.6855,118.3967,152.3484,1.0769
2020-09-17,368.0835,72.1366,118.4476,151.6176,1.0752
2020-09-18,376.1486,73.1812,118.4914,151.5765,1.0761
2020-09-21,376.2994,73.4001,119.0043,154.1084,1.0784
2020-09-22,378.9493,73.255,118.8979,155.375,1.0826
2020-09-23,379.986,73.7913,119.1048,157.1918,1.085
2020-09-24,378.5824,73.7463,117.8268,156.8677,1.0688
2020-09-25,371.3793,72.944,118.1491,155.3594,1.0642
2020-09-28,377.3213,73.5557,119.0328,156.1099,1.0661
2020-09-29,384.4306,74.597,118.4711,155.8129,1.0669
2020-09-30,378.6533,73.6833,118.2206,156.7676,1.0668
2020-10-01,377.5666,73.4849,118.3263,157.6705,1.0623
2020-10-02,373.2577,73.3754,118.2202,155.6186,1.0638
2020-10-05,375.3488,72.988,118.2575,156.6956,1.0652
2020-10-06,378.1739,72.7571,118.3302,156.4196,1.0623
2020-10-07,382.0524,73.9448,119.0789,158.8466,1.0633
2020-10-08,383.7111,74.517,119.1102,159.1292,1.0677
2020-10-09,383.5808,74.1704,118.9088,159.882,1.0677
2020-10-12,385.1914,74.6931,118.7193,160.8808,1.0704
2020-10-13,379.9621,74.6179,118.5917,158.4301,1.0651
2020-10-14,375.7133,74.0463,118.5296,157.8467,1.0673
2020-10-15,377.2895,74.4084,118.6828,158.8631,1.0582
2020-10-16,375.8586,73.2349,118.6804,158.8163,1.0616
2020-10-19,381.081,74.0471,118.3719,159.4475,1.0602
2020-10-20,381.2018,74.5061,118.1301,160.4409,1.0643
2020-10-21,377.2224,74.3883,118.5071,160.7701,1.0608
2020-10-22,373.6894,73.6517,118.7871,159.5648,1.0615
2020-10-23,368.5872,72.8445,118.9061,162.925,1.0557
2020-10-26,374.9156,73.7978,118.9814,163.3507,1.0585
2020-10-27,374.3874,74.3743,118.8006,164.8624,1.0569
2020-10-28,374.2561,73.8746,118.9803,167.063,1.0565
2020-10-29,373.5457,73.2785,118.8648,164.7025,1.0509
2020-10-30,374.6321,74.0174,120.1126,164.7999,1.0575
2020-11-02,375.7939,74.112,120.2775,165.06,1.0579
2020-11-03,374.1824,73.2631,119.5823,165.4811,1.0563
2020-11-04,371.7854,72.9321,119.9682,165.9649,1.053
2020-11-05,377.1165,74.3805,120.1199,167.6714,1.0605
2020-11-06,382.1071,75.3578,120.3104,168.7358,1.0564
2020-11-09,385.2833,75.183,119.8754,170.4362,1.0606
2020-11-10,391.9667,75.9825,119.2457,169.8537,1.0617
2020-11-11,392.4484,76.5713,119.0863,170.3172,1.0581
2020-11-12,394.5886,76.8687,118.7127,169.7974,1.0575
2020-11-13,393.5126,77.5451,118.7035,169.4613,1.0486
2020-11-16,389.6724,76.8831,118.4457,171.2256,1.0481
2020-11-17,395.5386,77.7326,118.3663,171.2326,1.0487
2020-11-18,403.4571,77.7371,117.3259,169.9026,1.0484
2020-11-19,406.7618,78.4127,117.1087,171.3699,1.0542
2020-11-20,407.7472,79.0056,117.2198,170.6944,1.0577
2020-11-23,408.3947,79.0947,117.8489,167.62,1.0498
2020-11-24,403.0685,78.187,117.8006,165.3116,1.0439
2020-11-25,399.2861,78.8266,118.6803,165.2989,1.0426
2020-11-26,394.2479,77.2211,118.667,163.7465,1.0402
2020-11-27,387.2877,75.8978,118.819,164.2007,1.0411
2020-11-30,381.6589,75.5003,118.5556,164.8051,1.0414
2020-12-01,375.8737,74.5413,118.7952,165.7073,1.0401
2020-12-02,382.5864,75.9461,118.5831,166.866,1.0505
2020-12-03,391.3165,76.6027,118.0138,168.8668,1.0468
2020-12-04,385.6203,75.5848,118.2703,168.7654,1.0429
2020-12-07,382.8108,74.8689,117.9067,171.7929,1.0448
2020-12-08,386.8079,75.2005,117.7482,170.7637,1.0327
2020-12-09,380.9376,73.5764,116.8175,168.1939,1.0369
2020-12-10,380.8724,74.1431,117.0088,169.5156,1.0338
2020-12-11,383.2693,74.8028,116.723,170.2377,1.0373
2020-12-14,381.0151,73.985,116.2177,169.9503,1.0382
2020-12-15,377.7321,73.5422,116.5082,171.0057,1.045
2020-12-16,383.3688,73.8715,117.1333,170.854,1.0492
2020-12-17,383.792,73.7448,116.3246,170.0551,1.0422
2020-12-18,388.1537,75.0241,115.9275,170.3849,1.0405
2020-12-21,385.5256,75.0123,115.9534,172.9435,1.0392
2020-12-22,390.0487,75.681,116.224,172.6383,1.0392
2020-12-23,389.6678,75.2463,116.497,173.8176,1.0415
2020-12-24,396.6501,76.8727,116.2438,174.4393,1.0404
2020-12-25,396.8872,76.6262,116.9288,175.5252,1.039
2020-12-28,402.4291,76.3757,115.9323,176.1406,1.0394
2020-12-29,403.7078,75.9359,115.8764,179.2115,1.0435
2020-12-30,404.6199,75.8554,115.6782,175.8574,1.0435
2020-12-31,408.6535,75.6672,115.3047,173.953,1.0383
2021-01-01,409.0373,74.7686,115.5256,175.2631,1.0363
2021-01-04,397.8243,72.8642,116.1975,171.3251,1.0315
2021-01-05,392.6674,72.5427,115.9842,171.6662,1.0342
2021-01-06,401.0621,73.5511,116.0133,169.7621,1.0395
2021-01-07,397.7508,72.8705,116.0355,167.4426,1.0392
2021-01-08,402.2719,73.5881,115.28,166.879,1.0433
2021-01-11,393.9273,72.029,115.7555,167.4002,1.0437
2021-01-12,402.4551,73.3412,115.9148,171.7419,1.045
2021-01-13,398.9631,73.0762,116.1538,171.0813,1.0399
2021-01-14,409.6867,74.6142,115.6797,172.4142,1.0412
2021-01-15,408.6495,74.7328,115.1376,172.5489,1.0504
2021-01-18,410.9519,74.8608,114.874,171.8325,1.0492
2021-01-19,409.3313,75.0648,114.1606,172.5815,1.0485
2021-01-20,411.2213,74.7989,114.6777,174.8992,1.0528
2021-01-21,404.3531,74.2792,114.952,172.5605,1.0515
2021-01-22,406.1629,74.7657,115.0025,173.12,1.0588
2021-01-25,411.9858,74.2275,114.735,172.8216,1.0498
2021-01-26,412.5632,74.8639,114.2723,173.042,1.0467
2021-01-27,409.5681,75.1447,114.0958,173.572,1.0391
2021-01-28,418.4479,76.5775,113.8966,174.5621,1.0342
2021-01-29,424.2375,77.1774,113.719,173.8693,1.0318
2021-02-01,427.7346,77.7487,113.9451,174.1532,1.0344
2021-02-02,425.8496,78.5563,113.3287,175.5984,1.0424
2021-02-03,421.8948,79.0953,113.828,177.4187,1.0436
2021-02-04,420.9969,78.8748,113.9953,179.7078,1.0448
2021-02-05,416.807,78.7065,114.4492,181.0095,1.0483
2021-02-08,415.6667,78.1125,114.073,178.1751,1.0482
2021-02-09,415.4117,77.8702,112.8101,175.3221,1.0529
2021-02-10,412.43,77.6407,112.2634,177.038,1.0531
2021-02-11,413.9262,78.9427,112.9057,177.178,1.0513
2021-02-12,412.5383,78.9969,112.8797,176.5577,1.058
2021-02-15,412.1414,80.0476,112.9482,179.4033,1.0617
2021-02-16,416.8048,80.337,112.5072,179.917,1.0666
2021-02-17,417.1338,79.7585,111.9067,177.2714,1.0574
2021-02-18,417.7909,80.3921,111.9003,173.9149,1.0561
2021-02-19,417.159,81.3293,111.3231,172.9333,1.065
2021-02-22,419.4324,81.922,111.3406,173.5386,1.0693
2021-02-23,415.7384,81.841,110.8246,173.5773,1.0706
2021-02-24,412.9806,81.4426,110.596,171.7653,1.0682
2021-02-25,407.9788,80.8969,110.1859,172.4067,1.063
2021-02-26,405.5023,80.243,110.7498,173.2899,1.0613
2021-03-01,407.9375,79.5642,110.6617,176.2946,1.062
2021-03-02,408.3875,79.8902,111.0263,173.622,1.0535
2021-03-03,409.4986,79.6987,111.5386,173.5971,1.044
2021-03-04,403.7873,77.6047,111.473,173.1016,1.04
2021-03-05,408.8932,78.8701,111.3412,170.0331,1.0429
2021-03-08,411.6131,79.3904,111.7096,168.7175,1.0517
2021-03-09,407.2949,79.1543,111.0691,166.8249,1.0584
2021-03-10,406.2268,79.4082,111.186,166.7752,1.0649
2021-03-11,405.2729,78.4257,110.8334,167.2857,1.0661
2021-03-12,398.2678,77.12,110.6715,166.4747,1.0585
2021-03-15,395.5717,76.4103,111.0106,167.84,1.0574
2021-03-16,393.9481,76.2509,110.6895,165.9414,1.0526
2021-03-17,391.2527,75.3468,110.7706,166.9887,1.0448
2021-03-18,391.4944,75.279,110.8977,167.0986,1.038
2021-03-19,386.0587,74.5468,111.3951,164.1901,1.0378
2021-03-22,391.4317,75.2127,111.5372,163.4731,1.0373
2021-03-23,384.431,73.2077,111.9907,162.2289,1.0326
2021-03-24,378.5605,71.7955,111.9765,161.0549,1.0326
2021-03-25,380.6346,72.2143,112.0424,163.3963,1.0289
2021-03-26,380.5241,72.6949,112.5826,161.8344,1.0272
2021-03-29,386.5579,73.7383,112.5755,161.7242,1.0262
2021-03-30,387.9523,73.8139,112.5259,161.8614,1.0232
2021-03-31,390.43,75.4665,111.7792,161.9149,1.0221
2021-04-01,393.1253,75.8572,112.052,163.8614,1.0236
2021-04-02,398.3365,75.4923,112.6042,164.9269,1.0276
2021-04-05,392.9953,74.3956,112.722,164.8647,1.0278
2021-04-06,397.9902,74.269,113.0283,165.2357,1.0263
2021-04-07,391.5366,73.6336,112.1046,165.353,1.02
2021-04-08,391.9043,73.629,112.5805,165.4832,1.0166
2021-04-09,389.7891,73.9122,112.847,165.1184,1.0157
2021-04-12,383.0511,73.1724,112.2032,165.5729,1.0164
2021-04-13,393.691,74.1165,111.9833,168.3016,1.023
2021-04-14,390.7252,73.8183,112.0218,168.692,1.0198
2021-04-15,390.4595,73.0723,112.0518,169.3698,1.0181
2021-04-16,383.5016,72.5758,112.3115,168.3591,1.0163
2021-04-19,377.1566,71.2758,112.1573,169.8695,1.0129
2021-04-20,380.0308,71.4281,112.2032,169.8021,1.0166
2021-04-21,377.8588,70.4636,111.6276,168.5435,1.0101
2021-04-22,379.7467,70.5142,112.5795,166.8154,1.0097
2021-04-23,375.0455,69.6834,112.6942,163.484,1.0089
2021-04-26,383.3532,70.5831,112.6658,165.1662,1.0092
2021-04-27,380.9629,69.3087,112.9309,165.1296,1.0032
2021-04-28,381.637,69.1507,112.6821,165.8535,0.9975
2021-04-29,386.3246,69.1659,112.3074,168.4865,1.0031
2021-04-30,386.881,68.8434,112.0564,168.4389,1.0029
2021-05-03,386.6111,68.7957,111.9624,166.3136,1.0
2021-05-04,390.7714,68.7495,111.7962,165.1457,0.9998
2021-05-05,389.1826,69.1651,112.0438,163.4771,1.0026
2021-05-06,385.9074,68.5106,112.2066,162.8373,1.0056
2021-05-07,382.6604,67.8451,111.9626,161.8055,1.0095
2021-05-10,385.5266,68.9144,112.8891,161.1598,1.0101
2021-05-11,380.5456,67.959,112.6781,159.4381,1.0042
2021-05-12,380.0498,67.3977,113.0152,158.4161,1.0152
2021-05-13,378.2354,67.1973,112.4899,160.3719,1.021
2021-05-14,379.6372,66.8272,112.5306,158.9072,1.0264
2021-05-17,383.2639,67.3188,111.4519,156.9429,1.0298
2021-05-18,388.7006,68.4534,110.7209,157.0235,1.0359
2021-05-19,381.5867,67.5563,110.9288,156.6069,1.0267
2021-05-20,380.3065,67.2611,110.8737,155.8012,1.0241
2021-05-21,380.2617,67.4351,110.7468,155.1975,1.0246
2021-05-24,372.1925,66.6056,110.8644,155.1545,1.0283
2021-05-25,364.1628,64.8017,111.0635,155.0696,1.027
2021-05-26,362.38,64.8353,111.4799,155.9941,1.0261
2021-05-27,353.9399,64.0545,112.1248,157.1134,1.0217
2021-05-28,356.773,64.7542,112.7389,156.4734,1.0208
2021-05-31,359.9285,65.183,112.213,156.7873,1.0241
2021-06-01,360.4075,65.3307,112.0924,158.7566,1.021
2021-06-02,358.1344,65.0412,112.4888,156.962,1.0141
2021-06-03,350.0707,64.0084,112.1403,156.0058,1.0161
2021-06-04,347.649,63.7817,112.0493,156.8105,1.0184
2021-06-07,345.0468,63.3766,112.5189,157.6194,1.0118
2021-06-08,347.7371,63.3104,113.0468,159.477,1.013
2021-06-09,348.4735,63.325,113.3108,159.1995,1.0137
2021-06-10,352.0529,63.5699,112.9766,157.464,1.0087
2021-06-11,344.9439,62.9309,113.8611,159.8558,1.0015
2021-06-14,347.9064,63.861,113.6308,159.9706,0.994
2021-06-15,349.0763,63.6027,113.6733,157.9117,0.9952
2021-06-16,353.2726,63.8417,113.105,154.7586,0.9933
2021-06-17,351.0673,62.9641,113.3019,154.2391,0.9873
2021-06-18,348.9826,63.1049,113.5986,154.2493,0.9901
2021-06-21,344.5334,62.5434,113.7265,153.6149,0.9913
2021-06-22,341.6116,62.3571,114.0091,149.9405,0.9949
2021-06-23,330.118,60.631,114.6256,149.624,0.9866
2021-06-24,326.1576,60.4867,113.8814,150.5246,0.9872
2021-06-25,321.8845,59.7106,113.5082,151.2985,0.9901
2021-06-28,315.7756,58.7584,113.2376,152.649,0.9841
2021-06-29,321.6792,59.5249,112.6345,151.5666,0.9813
2021-06-30,317.1689,58.9635,112.1919,148.3528,0.9784
2021-07-01,310.8544,57.8619,111.9057,146.8873,0.9855
2021-07-02,311.1567,57.9874,111.1559,145.6161,0.9865
2021-07-05,307.6652,57.8401,110.7252,144.9122,0.9841
2021-07-06,308.3415,57.706,110.5844,144.5654,0.9807
2021-07-07,310.1453,58.0289,110.5112,144.0658,0.9842
2021-07-08,309.4199,57.8245,110.5553,146.2158,0.979
2021-07-09,312.2366,57.5352,110.5609,148.3046,0.9811
2021-07-12,312.9453,57.4325,110.5456,148.0141,0.9774
2021-07-13,312.0221,57.3803,110.2406,146.7908,0.9714
2021-07-14,313.5118,57.7646,110.3097,148.1403,0.9726
2021-07-15,315.0132,58.0672,110.2421,147.4953,0.9821
2021-07-16,313.5073,57.6365,110.4305,147.9137,0.9756
2021-07-19,317.6293,58.1407,109.8924,149.2249,0.9794
2021-07-20,313.2116,58.186,110.2573,149.3731,0.9864
2021-07-21,313.8822,58.2641,109.9659,149.9742,0.9889
2021-07-22,314.0389,58.0065,109.9979,149.9275,0.9827
2021-07-23,308.9442,57.5314,109.0234,149.4122,0.9809
2021-07-26,313.6655,57.9814,109.195,149.1829,0.9814
2021-07-27,316.4024,58.1772,109.5406,148.246,0.9821
2021-07-28,319.8362,58.8594,110.2693,147.895,0.9763
2021-07-29,316.3556,58.6364,110.5365,148.1345,0.9714
2021-07-30,319.2246,58.578,110.941,152.1983,0.9737
2021-08-02,321.4491,58.6922,110.1407,150.957,0.9692
2021-08-03,316.3231,58.6321,110.3579,151.4936,0.9682
2021-08-04,315.8087,58.9064,110.3593,152.2126,0.968
2021-08-05,314.6905,58.2596,109.5395,151.2864,0.9676
2021-08-06,310.2377,57.6596,109.6314,148.4571,0.9623
2021-08-09,311.7773,57.998,109.1307,148.4021,0.9672
2021-08-10,314.6412,58.3422,108.8815,147.5446,0.9692
2021-08-11,315.4429,58.6702,108.9223,148.6749,0.9703
2021-08-12,318.368,59.3678,108.5497,146.2533,0.9769
2021-08-13,319.402,58.8905,108.2122,147.0377,0.9755
2021-08-16,317.6585,59.1603,107.8308,145.7687,0.9766
2021-08-17,319.1741,59.5387,108.1718,146.3233,0.9791
2021-08-18,318.3432,59.4504,108.2227,146.6317,0.9823
2021-08-19,320.46,59.7467,107.8535,146.5583,0.9826
2021-08-20,321.2695,60.6574,107.6515,147.0336,0.9887
2021-08-23,321.7337,61.5837,107.516,147.4221,0.9867
2021-08-24,320.5604,61.5159,107.8719,148.0651,0.992
2021-08-25,320.322,61.3594,108.9587,149.3227,0.9884
2021-08-26,317.9159,60.6837,109.3611,149.0701,0.9879
2021-08-27,317.7927,60.9354,109.0203,147.5003,0.9888
2021-08-30,320.072,61.3686,108.6494,148.2118,0.9865
2021-08-31,318.2907,60.777,109.1885,149.3497,0.9884
2021-09-01,322.9313,62.4586,108.4461,148.1016,0.9877
2021-09-02,319.9372,61.6427,108.3529,146.4223,0.9877
2021-09-03,320.2313,61.8621,108.5526,147.3599,0.9866
2021-09-06,328.1358,63.0328,107.6644,145.7563,0.9801
2021-09-07,328.3094,63.0095,107.4643,148.1961,0.9833
2021-09-08,331.1337,63.0379,106.9981,148.0205,0.9841
2021-09-09,324.3445,62.0478,107.1047,147.6491,0.9796
2021-09-10,322.4735,61.7264,107.1622,148.4294,0.9841
2021-09-13,321.5059,61.4244,107.3399,149.3273,0.9821
2021-09-14,324.5082,62.1985,107.8147,152.0929,0.9798
2021-09-15,324.6673,62.2238,107.7652,151.2429,0.9733
2021-09-16,325.1167,61.9958,107.7743,150.2493,0.968
2021-09-17,326.09,62.1838,107.9861,153.3117,0.9702
2021-09-20,327.9976,62.0361,107.4149,155.08,0.9669
2021-09-21,324.2457,61.5155,107.4325,153.8067,0.9647
2021-09-22,328.9067,61.8403,106.7802,154.7518,0.9676
2021-09-23,326.7092,60.9596,106.4907,154.4127,0.9715
2021-09-24,322.9991,60.435,106.8119,151.4205,0.9742
2021-09-27,318.8033,59.9954,106.9773,152.8631,0.9766
2021-09-28,310.4276,58.591,107.157,152.4925,0.9771
2021-09-29,313.3228,59.1959,107.0223,150.1174,0.975
2021-09-30,314.9102,59.018,107.2256,151.5004,0.9754
2021-10-01,304.2593,57.1475,108.1446,151.1068,0.9646
2021-10-04,308.6534,57.7373,108.5066,151.8842,0.967
2021-10-05,310.0296,58.1646,109.4111,153.8701,0.9609
2021-10-06,311.7074,58.7921,109.8821,153.7274,0.9661
2021-10-07,315.1085,60.1759,109.5431,152.9901,0.9664
2021-10-08,313.4661,59.6303,108.4273,151.6143,0.9676
2021-10-11,311.8215,60.1065,108.4801,153.3477,0.97
2021-10-12,314.8619,60.6244,108.9794,153.8969,0.9723
2021-10-13,316.2777,60.7116,109.1083,157.0478,0.9721
2021-10-14,317.8912,61.3964,109.5558,157.4781,0.9628
2021-10-15,319.8655,60.8445,110.0863,158.1465,0.9659
2021-10-18,316.7156,59.8527,110.2188,158.1031,0.9626
2021-10-19,317.1252,60.9182,110.5866,159.881,0.9679
2021-10-20,322.5973,61.5924,109.637,159.1416,0.9721
2021-10-21,319.1754,61.0613,109.4024,160.9602,0.9755
2021-10-22,321.6491,61.6281,109.3459,161.3099,0.9712
2021-10-25,313.8772,60.6199,109.6067,162.9684,0.9774
2021-10-26,319.6212,61.0366,109.342,163.6528,0.9886
2021-10-27,325.1387,62.2031,109.0981,162.4552,0.9929
2021-10-28,321.2128,61.5787,109.1067,164.6046,0.9915
2021-10-29,312.5542,60.5776,108.9703,164.3142,0.9904
2021-11-01,311.6894,60.7474,108.3665,163.147,0.9937
2021-11-02,309.6295,59.8757,108.6438,164.8787,0.9928
2021-11-03,302.9219,59.202,108.0927,164.7126,0.9889
2021-11-04,299.0636,58.5077,108.0744,163.6777,0.9904
2021-11-05,297.6538,58.6576,108.2194,162.7994,0.9866
2021-11-08,292.2421,57.9985,108.1717,159.3196,0.9828
2021-11-09,289.3678,58.1431,107.553,156.8594,0.9875
2021-11-10,293.9516,58.5318,107.1975,157.6121,0.9782
2021-11-11,287.9088,57.5752,107.9205,157.3614,0.9772
2021-11-12,291.731,58.8624,107.6383,157.3234,0.9866
2021-11-15,286.8343,58.52,107.3269,157.1098,0.9857
2021-11-16,283.8297,57.7386,107.4735,158.4787,0.9846
2021-11-17,284.1499,57.9843,107.0784,159.2491,0.9889
2021-11-18,292.7611,59.0934,106.7234,160.3722,0.9938
2021-11-19,291.087,58.709,106.9571,159.371,0.9911
2021-11-22,291.4797,59.1198,106.7146,156.7416,0.9827
2021-11-23,287.4424,58.0727,106.7023,155.0096,0.978
2021-11-24,285.0253,57.5709,107.2625,156.2384,0.9776
2021-11-25,283.6335,57.2202,107.4067,157.1045,0.9735
2021-11-26,283.8452,56.551,107.4527,158.1814,0.9716
2021-11-29,289.8487,57.0933,107.4081,158.3276,0.9715
2021-11-30,289.5695,57.0906,107.7479,160.4883,0.9719
2021-12-01,292.3561,57.2368,107.9877,159.7309,0.9761
2021-12-02,299.8767,58.2364,106.962,158.5131,0.9823
2021-12-03,301.8636,58.5981,107.3261,159.5428,0.9879
2021-12-06,305.1286,59.5934,107.4253,161.0249,0.9881
2021-12-07,303.1555,59.934,107.5626,162.2331,0.9895
2021-12-08,301.2462,59.6688,108.1678,163.4276,0.982
2021-12-09,300.6118,60.2244,108.1096,160.9024,0.9901
2021-12-10,303.0476,60.5448,107.9076,162.3707,0.9886
2021-12-13,307.1212,61.3226,107.934,162.7691,0.9886
2021-12-14,310.8876,61.533,107.1977,163.2237,0.9919
2021-12-15,312.6891,61.9383,107.0365,164.3078,0.9925
2021-12-16,311.0702,61.5932,107.8635,162.4601,0.9931
2021-12-17,305.3052,60.739,107.7808,159.3464,0.9931
2021-12-20,304.0935,59.8028,108.1046,161.5269,0.9988
2021-12-21,305.4353,60.0065,108.6113,164.3398,1.0045
2021-12-22,302.2923,59.6388,108.8412,161.8936,1.0053
2021-12-23,310.2878,60.9913,109.3002,162.795,1.0061
2021-12-24,311.7358,60.8918,108.8633,164.3213,1.0126
2021-12-27,308.3546,60.7755,108.893,164.7541,1.0148
2021-12-28,311.9546,61.3094,109.398,165.7255,1.018
2021-12-29,309.1239,61.713,109.6622,166.9092,1.0119
2021-12-30,306.3554,61.7797,109.8386,164.2646,1.0158
2021-12-31,304.5736,62.0507,109.8465,164.5487,1.0216
2022-01-03,301.59,61.2484,109.7985,165.6015,1.0152
2022-01-04,296.0379,60.7457,109.6571,164.7844,1.0067
2022-01-05,293.8652,60.425,110.0715,163.9521,1.0131
2022-01-06,291.6899,59.8582,110.7292,164.678,1.0098
2022-01-07,291.2741,60.2883,111.3563,164.0148,1.0096
2022-01-10,291.669,59.987,111.304,164.0144,1.0141
2022-01-11,295.7881,60.4671,111.1248,164.9962,1.0123
2022-01-12,297.868,60.7363,110.6755,163.416,1.0186
2022-01-13,297.439,61.2783,110.4864,163.7252,1.0302
2022-01-14,293.9919,60.0784,111.049,162.855,1.028
2022-01-17,292.1423,59.9059,110.6864,162.308,1.0299
2022-01-18,288.9172,59.1832,110.5868,160.1583,1.0266
2022-01-19,289.4029,59.1104,110.4522,160.0751,1.0236
2022-01-20,291.7766,59.9727,110.228,160.716,1.0239
2022-01-21,293.0857,60.7358,110.427,158.5164,1.026
2022-01-24,297.3105,61.2743,110.7482,157.9732,1.0193
2022-01-25,297.8858,60.7097,110.6062,159.6569,1.0107
2022-01-26,293.6929,59.7263,110.6363,159.0478,1.0156
2022-01-27,296.987,60.3819,110.634,159.7345,1.0126
2022-01-28,299.9875,60.4069,110.9006,161.684,1.0137
2022-01-31,299.4883,60.4811,109.7287,161.2735,1.014
2022-02-01,299.416,60.729,109.7015,159.7143,1.0132
2022-02-02,299.7451,60.8182,109.7558,161.2316,1.009
2022-02-03,300.4427,61.3953,109.0445,161.0334,1.0075
2022-02-04,299.282,60.8919,108.9765,163.5333,1.0023
2022-02-07,295.4373,59.8608,109.7271,163.3146,1.0004
2022-02-08,294.1889,59.3404,109.6333,166.7099,1.007
2022-02-09,291.4543,59.1784,109.3457,163.9074,1.0107
2022-02-10,295.4117,60.1272,109.0871,163.6651,1.0151
2022-02-11,296.8247,60.1876,108.3907,163.3813,1.0201
2022-02-14,292.9186,59.8535,108.598,164.4956,1.024
2022-02-15,290.7177,58.9535,108.393,165.533,1.021
2022-02-16,288.5348,57.9955,109.1133,167.1855,1.0232
2022-02-17,291.8153,58.6673,108.9525,166.9866,1.022
2022-02-18,300.7649,60.1424,108.5998,167.7489,1.0193
2022-02-21,306.0416,60.6474,108.692,169.5756,1.0217
2022-02-22,306.4715,60.7113,108.654,168.7522,1.0195
2022-02-23,311.7602,61.4136,108.234,167.8935,1.0249
2022-02-24,314.2621,61.9727,108.0868,168.7353,1.0229
2022-02-25,313.4426,62.221,108.4601,167.6165,1.0189
2022-02-28,313.9335,62.9433,107.6944,167.5025,1.0143
2022-03-01,311.7873,62.4985,107.5498,166.5759,1.0136
2022-03-02,310.0038,61.6954,107.8671,167.8521,1.0166
2022-03-03,304.7363,61.0578,108.229,166.4968,1.0155
2022-03-04,304.436,61.698,109.0327,164.7745,1.0263
2022-03-07,301.3932,61.6226,109.4895,163.6445,1.0279
2022-03-08,301.1261,61.79,109.5887,165.4416,1.029
2022-03-09,300.6534,62.1309,109.8426,166.7071,1.0268
2022-03-10,297.2098,61.4122,109.6359,167.5827,1.0308
2022-03-11,296.7862,61.8825,110.2177,168.41,1.0277
2022-03-14,302.2358,62.6647,110.1608,168.0994,1.0242
2022-03-15,297.3433,62.1786,109.9297,172.2694,1.0207
2022-03-16,293.2315,61.7556,110.6358,172.7975,1.0226
2022-03-17,287.261,60.6093,110.2893,169.5361,1.0213
2022-03-18,280.1408,59.0625,110.1804,167.9879,1.021
2022-03-21,281.2067,59.5426,110.4742,169.9545,1.022
2022-03-22,282.2698,59.887,110.5112,169.4809,1.0207
2022-03-23,279.7582,59.6589,110.5199,168.4632,1.0173
2022-03-24,276.0367,59.4437,110.6324,167.202,1.0205
2022-03-25,274.3793,58.6878,111.0611,166.6956,1.0172
2022-03-28,274.5987,59.1278,111.0732,165.0464,1.0197
2022-03-29,273.1836,59.5868,111.1201,161.936,1.021
2022-03-30,279.367,61.122,111.7718,161.2653,1.0259
2022-03-31,277.1814,60.8635,111.2808,159.9761,1.0226
2022-04-01,280.1131,61.6176,111.3407,158.314,1.0214
2022-04-04,277.8456,61.585,111.8816,160.102,1.0184
2022-04-05,269.4371,59.6128,112.6173,159.7602,1.0125
2022-04-06,274.5939,60.8854,112.5309,159.5348,1.0132
2022-04-07,275.3937,61.6041,112.7071,160.7402,1.0195
2022-04-08,271.8557,61.3189,112.6588,157.1709,1.0089
2022-04-11,268.8247,61.0272,112.7695,157.4204,1.0174
2022-04-12,265.0721,60.4095,112.9689,156.4503,1.0165
2022-04-13,260.3932,60.1595,112.7942,158.9569,1.0174
2022-04-14,263.534,60.6545,112.7051,158.2462,1.0181
2022-04-15,264.5739,60.5362,112.6113,157.4097,1.0278
2022-04-18,264.3928,61.0742,112.5469,157.7593,1.0228
2022-04-19,263.1434,60.9458,113.2375,158.5238,1.0287
2022-04-20,265.1503,61.8814,113.1848,161.913,1.0288
2022-04-21,262.9433,61.0656,114.1968,163.7048,1.0263
2022-04-22,266.7824,61.9549,114.957,162.2566,1.0249
2022-04-25,265.4752,61.0058,115.4047,162.1423,1.0267
2022-04-26,272.7652,62.0591,115.0542,162.3682,1.0321
2022-04-27,271.1082,61.5548,115.5273,163.187,1.0224
2022-04-28,267.4562,61.5194,115.7932,162.2139,1.0214
2022-04-29,267.5853,61.8144,115.2071,160.6839,1.0228
2022-05-02,267.3715,61.9927,114.6842,160.8453,1.0283
2022-05-03,268.9409,62.303,114.6035,159.7278,1.0279
2022-05-04,272.9007,62.9081,114.1302,158.9018,1.0292
2022-05-05,271.8377,62.9175,114.3746,160.2882,1.036
2022-05-06,275.0161,63.0818,113.9017,159.9904,1.034
2022-05-09,271.5795,62.3528,113.7572,158.8634,1.0316
2022-05-10,275.3243,63.0383,114.7285,159.9381,1.0306
2022-05-11,275.4288,63.1526,114.9087,162.9873,1.0279
2022-05-12,278.2173,63.686,114.1739,163.6902,1.0347
2022-05-13,275.6179,63.2583,113.4858,161.3748,1.0387
2022-05-16,274.2553,62.6138,113.5874,160.685,1.0355
2022-05-17,276.656,62.5615,113.1302,160.6801,1.0398
2022-05-18,280.6608,62.9498,113.4279,159.9725,1.0477
2022-05-19,277.168,62.8944,113.2321,162.5492,1.0516
2022-05-20,274.0843,62.1987,113.6111,164.2061,1.0509
2022-05-23,274.3143,62.5213,113.6651,162.474,1.047
2022-05-24,275.1381,63.1164,114.3456,164.1298,1.0491
2022-05-25,277.5765,63.2574,114.2122,162.9868,1.0431
2022-05-26,278.721,63.5134,114.477,164.018,1.0446
2022-05-27,280.5789,63.7971,114.607,163.185,1.046
2022-05-30,282.8076,63.8971,114.5662,162.3844,1.0433
2022-05-31,279.316,63.8212,115.1048,163.4344,1.0524
2022-06-01,278.81,64.9178,115.0534,163.8106,1.0523
2022-06-02,280.0827,65.4577,114.9823,166.3753,1.0549
2022-06-03,281.0365,65.2558,115.1214,166.3361,1.0516
2022-06-06,278.6656,65.9197,115.0876,164.2168,1.0489
2022-06-07,278.5953,66.1255,115.3276,165.3816,1.0464
2022-06-08,279.7659,65.9719,115.0162,163.9218,1.0404
2022-06-09,283.2564,66.8333,115.3669,164.3933,1.0446
2022-06-10,277.748,66.2507,115.5611,165.2565,1.0462
2022-06-13,274.748,65.1476,115.287,165.7619,1.0485
2022-06-14,270.6093,64.0663,115.0411,164.9351,1.0411
2022-06-15,266.3694,63.0362,115.149,163.1968,1.0389
2022-06-16,269.6755,63.0923,114.9625,164.6521,1.0374
2022-06-17,268.0161,63.259,114.8753,166.1444,1.0402
2022-06-20,267.065,63.282,115.0322,167.7239,1.0383
2022-06-21,267.2787,63.2938,115.3216,166.4942,1.0422
2022-06-22,268.7851,63.0426,115.7833,170.1366,1.0471
2022-06-23,273.2604,63.8196,114.9653,167.0769,1.0484
2022-06-24,271.5226,63.1797,114.9538,167.9058,1.0413
2022-06-27,270.2339,63.5433,114.5341,168.8634,1.0403
2022-06-28,272.002,64.2631,114.822,170.5195,1.0363
2022-06-29,275.5501,64.5239,114.8385,171.0709,1.0386
2022-06-30,276.6969,64.3847,114.2172,171.9633,1.0398
2022-07-01,280.4199,64.9814,113.5349,173.0646,1.0393
2022-07-04,281.6031,64.9209,114.1929,172.3227,1.0369
2022-07-05,282.0402,64.5641,114.3014,174.846,1.0348
2022-07-06,283.4009,63.7165,114.2097,174.3506,1.0297
2022-07-07,286.9929,64.1625,114.0495,173.8305,1.0214
2022-07-08,283.427,63.9646,113.2309,171.9814,1.0196
2022-07-11,289.1825,65.1873,112.885,173.9263,1.0182
2022-07-12,292.6076,65.1968,113.2444,173.7334,1.0131
2022-07-13,291.9851,65.2068,113.0434,174.4228,1.0109
2022-07-14,294.1441,65.7242,112.9745,173.8282,1.0119
2022-07-15,296.0835,66.8599,113.3558,175.7235,1.0271
2022-07-18,297.9199,67.351,113.6181,174.51,1.025
2022-07-19,296.3134,67.3552,113.5763,174.6672,1.0301
2022-07-20,299.3273,67.7747,113.2249,176.2559,1.0345
2022-07-21,294.0226,66.7911,113.3839,177.3907,1.038
2022-07-22,295.0688,67.1968,113.3913,176.4506,1.0369
2022-07-25,295.2305,67.2082,112.5842,175.2649,1.0373
2022-07-26,294.388,66.9711,112.7943,173.8005,1.0291
2022-07-27,293.3256,67.1079,113.5309,175.542,1.0229
2022-07-28,292.651,67.1016,113.6151,176.4337,1.0191
2022-07-29,292.964,67.3229,113.9579,175.5251,1.0173
2022-08-01,284.213,65.6388,113.8907,173.627,1.0161
2022-08-02,284.1272,64.7336,113.9437,172.2792,1.0166
2022-08-03,280.1205,64.0941,113.8966,172.5699,1.0167
2022-08-04,279.4041,63.3853,113.2546,171.2059,1.0158
2022-08-05,277.576,63.3285,113.1747,169.6988,1.0142
2022-08-08,278.3803,63.5831,113.9517,169.3625,1.0135
2022-08-09,279.8217,63.8074,113.7012,167.021,1.0108
2022-08-10,276.5276,62.6145,113.3983,165.185,1.0116
2022-08-11,278.5113,62.59,113.2269,162.5321,1.0084
2022-08-12,279.8672,63.12,112.9022,163.8699,1.003
2022-08-15,276.0277,62.7712,113.6897,165.0291,1.0026
2022-08-16,269.3314,60.9341,113.8475,164.3785,0.9956
2022-08-17,269.6213,61.0226,114.2373,164.8932,1.0009
2022-08-18,269.7354,60.9978,114.6802,163.8554,1.0124
2022-08-19,270.9757,61.3377,114.8764,166.7506,1.0171
2022-08-22,266.1771,61.0789,114.8451,166.7425,1.0116
2022-08-23,267.8591,61.1113,114.8344,166.415,1.0198
2022-08-24,274.039,62.1275,114.7236,166.0731,1.0254
2022-08-25,273.1096,61.8193,115.1491,165.5962,1.0244
2022-08-26,268.3455,61.3105,116.0911,167.1537,1.0305
2022-08-29,265.8717,60.9946,115.7318,166.506,1.0338
2022-08-30,266.2674,60.5391,115.1277,164.1378,1.0349
2022-08-31,272.6628,62.0784,114.1914,165.7882,1.0417
2022-09-01,268.0159,61.2113,114.7457,166.8187,1.035
2022-09-02,269.9682,60.7372,114.5698,168.4114,1.0348
2022-09-05,268.5345,60.8334,115.0231,170.6409,1.0394
2022-09-06,271.9378,61.6527,115.0674,170.9834,1.0392
2022-09-07,268.3143,60.715,115.0015,171.1618,1.0448
2022-09-08,268.2764,61.0779,115.4733,171.2113,1.0477
2022-09-09,267.6256,61.4613,115.7731,169.7061,1.0484
2022-09-12,272.7646,62.2295,115.8459,170.7935,1.0445
2022-09-13,274.44,61.9758,115.5118,172.2148,1.0462
2022-09-14,273.5851,62.0051,115.5023,172.23,1.0493
2022-09-15,271.4282,61.6715,115.4059,169.7701,1.0441
2022-09-16,276.3898,62.616,114.7304,167.2758,1.044
2022-09-19,281.4196,63.352,115.1771,168.3271,1.0467
2022-09-20,277.2816,63.044,115.1239,169.4285,1.0434
2022-09-21,277.9312,63.283,115.0413,170.0205,1.0426
2022-09-22,275.985,63.5812,115.5487,169.2563,1.0452
2022-09-23,273.7617,62.7647,116.0172,167.0524,1.0474
2022-09-26,273.0691,62.5711,116.1984,168.0205,1.0436
2022-09-27,275.3921,62.9917,115.5992,167.4686,1.0504
2022-09-28,280.7709,64.1412,114.9775,167.9768,1.0559
2022-09-29,283.185,64.8393,115.0877,168.0848,1.0538
2022-09-30,277.248,64.0004,115.2866,168.8458,1.0472
2022-10-03,279.376,65.1532,115.2981,168.9066,1.05
2022-10-04,285.984,65.8359,115.228,167.9625,1.0475
2022-10-05,285.9183,66.3631,116.0185,169.2305,1.0463
2022-10-06,294.2129,67.5509,115.5916,166.6871,1.0529
2022-10-07,297.5597,69.0988,114.9553,168.5193,1.0559
2022-10-10,300.3919,68.8754,115.5005,170.1716,1.0553
2022-10-11,302.6979,68.9305,115.1876,169.3687,1.0466
2022-10-12,305.7718,69.929,114.8375,169.7786,1.0467
2022-10-13,307.0142,69.8646,114.4189,171.0807,1.0469
2022-10-14,314.2394,71.0491,113.8841,172.785,1.0515
2022-10-17,316.9454,71.9995,113.5671,172.5008,1.0517
2022-10-18,312.4444,71.1567,114.2053,173.2032,1.0447
2022-10-19,307.0828,70.9967,114.2816,172.163,1.0434
2022-10-20,302.0821,70.7785,114.2202,174.0265,1.0444
2022-10-21,307.1207,71.7265,114.4857,175.5289,1.0482
2022-10-24,308.4373,71.8431,115.2715,174.8293,1.0475
2022-10-25,308.592,72.0432,115.0817,175.2043,1.0471
2022-10-26,303.2067,71.1503,114.7027,172.1641,1.0464
2022-10-27,304.9901,71.6749,114.9118,169.5769,1.0397
2022-10-28,311.9957,72.3813,115.0203,168.9149,1.04
2022-10-31,309.8665,72.274,115.1186,168.3004,1.035
2022-11-01,310.9122,71.9173,115.2575,172.3033,1.0417
2022-11-02,313.5592,72.3141,114.3682,169.8223,1.0475
2022-11-03,310.8672,71.5681,114.3287,168.1758,1.0408
2022-11-04,310.7927,71.1704,113.9933,166.8208,1.0424
2022-11-07,310.0788,70.9768,114.2503,166.8059,1.0407
2022-11-08,311.841,71.5513,114.1569,166.954,1.0378
2022-11-09,308.9152,71.4039,114.4037,167.7297,1.0392
2022-11-10,309.1799,71.7483,114.8011,169.3911,1.0394
2022-11-11,314.1853,72.672,114.9755,170.1383,1.0413
2022-11-14,311.6787,72.5657,116.2525,170.4732,1.041
2022-11-15,310.2088,72.1083,116.9372,169.9538,1.0378
2022-11-16,304.7762,70.8819,116.277,170.2316,1.0499
2022-11-17,303.6126,69.9797,116.6581,169.4089,1.0542
2022-11-18,302.7439,69.5703,116.5799,170.4521,1.0531
2022-11-21,301.1437,69.2246,116.0472,170.6194,1.045
2022-11-22,299.7306,69.3104,116.2089,171.5978,1.0452
2022-11-23,303.8336,70.3756,116.329,173.257,1.05
2022-11-24,302.4239,69.5748,116.511,174.1685,1.0542
2022-11-25,299.3297,68.6896,116.7498,174.1423,1.0446
2022-11-28,300.7055,68.1456,116.2765,175.883,1.0528
2022-11-29,296.6876,67.3619,116.3603,178.5397,1.0507
2022-11-30,295.1858,67.7502,116.2415,179.561,1.045
2022-12-01,294.7112,66.9963,115.7613,180.4821,1.0444
2022-12-02,293.7444,66.5374,115.6659,180.8605,1.0485
2022-12-05,285.2244,64.8316,115.8849,180.5573,1.0485
2022-12-06,286.1861,64.8667,115.6251,180.0426,1.0537
2022-12-07,283.9149,64.4751,115.7414,182.5084,1.0527
2022-12-08,287.1139,65.4762,115.6589,182.2952,1.0522
2022-12-09,286.3775,65.6946,115.778,182.7743,1.0475
2022-12-12,283.3472,66.0496,115.7858,181.5081,1.0543
2022-12-13,284.3486,66.4468,115.7061,181.0313,1.0539
2022-12-14,280.0182,65.69,115.9136,183.9544,1.0544
2022-12-15,272.7949,64.4432,117.2492,186.1075,1.0495
2022-12-16,274.7208,64.4758,116.5978,185.1443,1.0498
2022-12-19,269.0399,63.0843,116.6991,184.3442,1.0499
2022-12-20,265.448,62.7541,116.2648,186.5115,1.043
2022-12-21,262.267,62.375,117.0582,187.545,1.0451
2022-12-22,262.4064,62.0119,116.8177,185.4331,1.0383
2022-12-23,263.6922,61.806,116.9039,183.5057,1.0385
2022-12-26,262.3223,62.103,117.0884,185.6078,1.0361
2022-12-27,262.5767,61.7776,116.8794,185.0554,1.0323
2022-12-28,259.0687,60.6681,115.9117,182.4823,1.0338
2022-12-29,254.4999,59.4112,116.7651,181.9503,1.0331
2022-12-30,256.4455,59.973,116.0605,181.1766,1.0267
2023-01-02,263.7462,60.5944,115.4138,179.3932,1.02
2023-01-03,267.9115,62.177,115.1458,177.4064,1.0115
2023-01-04,267.2599,61.9502,114.8674,177.5321,1.0132
2023-01-05,268.33,62.0072,114.3604,178.2356,1.0137
2023-01-06,271.1367,62.7664,113.699,175.7034,1.0108
2023-01-09,267.9977,62.5331,113.9174,177.4548,1.0129
2023-01-10,268.7219,63.1089,114.1113,177.7891,1.02
2023-01-11,269.1626,63.0657,113.7332,178.6216,1.0259
2023-01-12,269.0977,63.555,112.9116,177.9465,1.0267
2023-01-13,266.9773,64.1155,112.9543,177.3348,1.0275
2023-01-16,261.0694,62.8134,113.478,176.55,1.0221
2023-01-17,265.063,64.0113,113.6223,176.1919,1.022
2023-01-18,262.7445,63.2305,113.2076,174.8593,1.0164
2023-01-19,258.2127,62.5354,113.4006,177.4276,1.0136
2023-01-20,259.1673,62.8178,113.2688,178.5448,1.0177
2023-01-23,260.2177,62.9008,113.0833,176.3847,1.0136
2023-01-24,258.4749,62.1763,113.2833,178.3066,1.0092
2023-01-25,259.3932,61.9441,113.1117,177.1734,1.0112
2023-01-26,257.4899,61.9981,113.056,176.1068,1.0057
2023-01-27,258.3162,62.4762,113.1582,179.6978,1.0135
2023-01-30,257.5026,62.2159,113.3623,178.5565,1.0178
2023-01-31,258.6466,62.5086,113.6241,181.52,1.0195
2023-02-01,258.4012,63.0384,114.0545,181.4029,1.02
2023-02-02,259.0604,63.2904,113.4609,178.6148,1.0159
2023-02-03,256.3272,62.5702,113.7734,178.5,1.0157
2023-02-06,252.8774,61.7968,114.0858,179.531,1.0119
2023-02-07,253.4257,62.72,114.0896,178.5557,1.0121
2023-02-08,253.7751,62.7235,114.0583,176.3712,1.0072
2023-02-09,253.43,62.5996,113.8147,175.9307,1.0073
2023-02-10,256.0839,63.0266,113.9158,175.3354,1.0098
2023-02-13,257.2628,63.5642,114.198,176.5388,1.0101
2023-02-14,258.0641,64.1153,113.9098,175.4491,1.0114
2023-02-15,259.3683,64.0251,113.8295,175.3218,1.0014
2023-02-16,258.8094,63.8656,113.7635,177.427,0.9967
2023-02-17,256.486,62.4622,113.5652,176.5627,0.9927
2023-02-20,259.8141,63.3658,113.5294,176.1618,0.9978
2023-02-21,259.8423,63.0573,112.7839,174.9435,1.0008
2023-02-22,266.7257,64.264,112.3081,173.1257,1.0038
2023-02-23,261.5289,63.5817,112.7624,173.9465,1.0024
2023-02-24,263.2971,63.9526,112.3919,176.5631,1.0022
2023-02-27,265.7117,63.4338,112.8352,179.2586,1.0018
2023-02-28,267.4895,63.9504,112.5271,179.9793,0.9992
2023-03-01,265.7378,64.087,112.9827,179.2203,0.9958
2023-03-02,263.8873,64.0519,112.6034,179.4368,0.9995
2023-03-03,263.7111,64.4131,112.4857,179.0542,0.9957
2023-03-06,266.859,64.6579,112.5472,179.1486,0.9911
2023-03-07,265.1104,64.8962,112.6808,177.6815,0.9924
2023-03-08,264.7596,66.203,112.8496,177.3002,1.0
2023-03-09,259.3761,65.2795,113.8035,177.6631,0.9913
2023-03-10,258.3002,65.6612,114.0001,176.5421,0.9885
2023-03-13,256.7515,65.5234,114.6029,178.584,0.9906
2023-03-14,252.9879,64.3197,114.889,176.5908,0.9877
2023-03-15,253.9464,64.0501,114.4043,176.1365,0.9895
2023-03-16,257.1069,64.853,114.3657,175.1577,0.9854
2023-03-17,255.7069,64.7614,114.5388,172.1249,0.981
2023-03-20,259.3095,65.4397,113.8477,175.3163,0.9827
2023-03-21,260.5286,65.8165,113.6627,174.1706,0.9919
2023-03-22,263.5968,66.6968,113.8447,172.9812,0.9977
2023-03-23,261.1756,66.3736,113.1982,169.425,0.9982
2023-03-24,258.8765,65.1683,113.4408,172.6343,1.0037
2023-03-27,258.2081,65.0514,113.8244,174.6048,1.0024
2023-03-28,258.3941,65.2026,114.0523,174.6215,1.0019
2023-03-29,262.556,66.4312,114.174,177.5499,1.0022
2023-03-30,267.5214,67.5427,115.469,176.9699,0.9991
2023-03-31,268.8842,67.9496,116.2812,176.6603,1.0027
2023-04-03,272.5425,68.8981,115.7885,178.6363,1.0097
2023-04-04,274.493,69.3333,115.8399,178.6709,1.0128
2023-04-05,274.6812,69.0114,115.3628,177.1827,1.0132
2023-04-06,274.6886,69.102,115.5737,176.4229,1.0194
2023-04-07,273.9471,68.7881,115.7833,173.8057,1.0146
2023-04-10,277.1038,68.6253,116.1675,176.5054,1.013
2023-04-11,278.1146,69.2698,115.9523,177.7565,1.0112
2023-04-12,276.7046,68.6864,116.1104,179.6212,1.0103
2023-04-13,272.8353,67.5576,116.3396,182.5271,1.0116
2023-04-14,271.7314,67.6753,116.2622,181.8715,1.0075
2023-04-17,276.1977,67.4205,116.4688,181.4878,1.0047
2023-04-18,281.6424,68.0677,116.0414,181.2016,1.0069
2023-04-19,280.3281,67.1984,115.6629,182.8705,1.007
2023-04-20,281.8593,67.352,115.3351,185.3648,1.0071
2023-04-21,280.5392,67.5733,115.0592,184.1951,1.0074
2023-04-24,280.6333,67.695,115.9553,185.4809,0.997
2023-04-25,281.7672,67.9043,115.9432,185.9465,0.9971
2023-04-26,281.6929,68.1431,115.7111,184.2924,1.0102
2023-04-27,279.5085,67.8073,115.1047,183.9424,1.0061
2023-04-28,278.2022,68.0096,115.3419,185.028,0.999
2023-05-01,284.1519,68.5443,115.8541,187.3393,1.0019
2023-05-02,281.5041,68.1513,115.6988,187.1867,1.0006
2023-05-03,275.1631,67.5118,115.8039,186.2719,0.9976
2023-05-04,276.3757,67.3576,114.7864,186.1837,1.0001
2023-05-05,275.8425,66.7992,114.811,183.8628,0.9943
2023-05-08,273.5954,66.7509,114.7067,183.0238,1.0027
2023-05-09,274.7824,67.0935,114.5205,182.0284,0.9934
2023-05-10,277.9098,67.8186,114.3777,181.8719,0.9971
2023-05-11,273.1443,66.7504,113.9754,184.1675,1.0009
2023-05-12,266.4953,64.9925,114.0298,183.1854,0.9933
2023-05-15,272.5278,66.1596,114.1009,182.4507,0.997
2023-05-16,271.445,65.859,114.3723,180.1034,1.0027
2023-05-17,272.0974,66.4839,113.9106,178.3992,0.9982
2023-05-18,272.9615,66.66,113.6882,176.7459,0.9925
2023-05-19,272.9022,66.4616,113.3841,178.9021,0.9927
2023-05-22,276.9528,66.9448,113.3887,179.0122,0.9856
2023-05-23,281.5684,67.6803,113.6014,178.2392,0.985
2023-05-24,278.9071,67.7285,113.7974,178.899,0.9912
2023-05-25,282.6821,68.6956,113.1217,177.5029,0.9877
2023-05-26,285.1185,69.1869,112.482,176.8494,0.9819
2023-05-29,285.0415,68.4839,112.6745,177.5803,0.9892
2023-05-30,287.8908,68.7932,112.9492,175.804,0.9845
2023-05-31,289.0765,68.0992,112.8718,174.2524,0.9835
2023-06-01,285.6603,67.6988,112.9452,176.328,0.9839
2023-06-02,283.2756,67.1954,112.4153,176.4689,0.9863
2023-06-05,291.4158,68.3049,112.1273,175.7125,0.9878
2023-06-06,292.7771,68.5088,112.5483,175.1885,0.9917
2023-06-07,294.6682,68.8176,112.3718,178.8544,0.9895
2023-06-08,295.7637,68.6864,113.0841,180.8535,0.9865
2023-06-09,297.5867,69.0941,112.8273,181.9415,0.9889
2023-06-12,298.4147,69.2126,112.9849,182.4918,0.9893
2023-06-13,296.3521,69.5805,112.5977,182.833,0.9888
2023-06-14,302.4246,70.2061,112.1545,181.2118,0.9902
2023-06-15,297.8517,69.2482,111.3268,180.7736,0.9877
2023-06-16,292.9656,68.8886,110.8835,181.5181,0.9852
2023-06-19,298.4337,70.1169,110.3675,179.9308,0.9886
2023-06-20,297.6461,69.913,110.8977,179.1985,0.9882
2023-06-21,300.9856,70.8148,110.7733,178.8256,0.9815
2023-06-22,297.5012,70.3656,110.7775,178.849,0.9857
2023-06-23,293.6204,69.6115,110.9173,177.7589,0.9908
2023-06-26,296.7597,70.2624,111.6,176.168,0.9903
2023-06-27,298.0941,70.0975,111.6797,174.6268,0.9924
2023-06-28,301.7915,70.8306,110.8373,172.7024,0.9953
2023-06-29,301.9644,69.7137,111.3042,173.2638,0.9903
2023-06-30,305.492,70.0037,110.9367,173.665,0.9983
2023-07-03,311.2716,71.0968,111.0216,175.1646,0.994
2023-07-04,313.6577,71.1666,111.0933,174.9834,0.9959
2023-07-05,314.1825,69.9387,111.1074,175.9696,0.9966
2023-07-06,313.9216,70.5944,111.2566,176.7985,1.0021
2023-07-07,315.3198,70.4336,110.2033,175.3153,1.0053
2023-07-10,314.1643,70.5905,110.2882,177.3409,1.0048
2023-07-11,315.9395,71.0904,110.8766,175.3162,1.0022
2023-07-12,319.1001,72.2671,110.9347,175.0857,1.0065
2023-07-13,322.366,72.6335,111.0023,177.0692,1.0154
2023-07-14,325.2,73.1058,110.9242,177.9912,1.0155
2023-07-17,326.0084,72.7673,111.4263,176.6904,1.0124
2023-07-18,326.4779,73.7234,111.2627,175.6298,1.0108
2023-07-19,332.7878,73.4729,110.6938,179.5625,1.0141
2023-07-20,328.7497,72.8186,110.781,180.8377,1.0221
2023-07-21,330.3112,72.8256,111.0654,180.0604,1.017
2023-07-24,323.8927,71.1392,110.7733,177.798,1.0163
2023-07-25,319.6238,69.1435,110.364,176.589,1.0114
2023-07-26,325.2867,69.7524,110.6143,176.9785,1.0114
2023-07-27,322.3272,69.2753,110.3405,176.949,1.0102
2023-07-28,318.9993,69.179,110.58,176.387,1.0107
2023-07-31,318.8022,68.7861,110.5927,175.4683,1.0057
2023-08-01,313.0938,67.7602,110.9146,174.4983,1.0154
2023-08-02,316.3592,68.8019,111.1973,177.6971,1.0137
2023-08-03,307.4077,67.2295,111.5753,177.9284,1.0135
2023-08-04,312.1504,68.122,111.8207,176.8964,1.0089
2023-08-07,318.0218,69.0722,111.4504,175.9058,1.0067
2023-08-08,315.5804,68.1631,110.8447,175.0648,1.0033
2023-08-09,319.6735,68.912,110.8795,174.1537,1.003
2023-08-10,321.0915,69.4286,110.8183,175.8236,1.0041
2023-08-11,324.0989,69.683,110.0049,175.7181,1.0078
2023-08-14,326.3286,70.2019,109.8223,174.4722,1.0103
2023-08-15,328.0195,70.2211,110.2343,173.552,1.0071
2023-08-16,334.2739,71.5448,109.9874,174.0425,1.0091
2023-08-17,324.1353,69.6116,110.1157,173.2872,1.0083
2023-08-18,328.4224,70.1279,109.5975,173.5394,1.0076
2023-08-21,327.9508,69.9321,110.5151,170.9376,1.0042
2023-08-22,328.0462,69.6162,110.8669,172.4326,1.0038
2023-08-23,327.1497,69.4332,110.8293,172.287,1.0028
2023-08-24,328.1966,69.9082,110.3064,170.4128,0.9955
2023-08-25,331.5469,70.5209,110.4544,168.5826,1.0029
2023-08-28,329.3754,70.2629,110.8385,167.4058,0.9998
2023-08-29,330.155,71.6073,110.9823,169.9438,1.0073
2023-08-30,331.6459,71.4079,111.3756,168.1239,1.013
2023-08-31,332.5094,70.402,111.1747,168.9431,1.011
2023-09-01,335.3276,70.462,110.5675,168.4913,1.0112
2023-09-04,334.1167,70.8038,110.2463,168.7126,1.0123
2023-09-05,328.3799,69.3809,110.3207,171.4957,1.0144
2023-09-06,322.1241,67.1624,110.6784,171.4043,1.0168
2023-09-07,319.0294,66.8437,111.0795,170.9819,1.0144
2023-09-08,319.2269,67.0923,111.0699,172.4606,1.0131
2023-09-11,314.5591,67.1911,110.9209,171.4037,1.013
2023-09-12,314.9035,67.0857,110.8945,171.3621,1.0136
2023-09-13,306.6992,66.5906,110.9984,172.0703,1.0078
2023-09-14,305.1671,66.084,111.6201,171.6446,1.01
2023-09-15,303.0255,65.5735,111.5429,173.4404,1.0019
2023-09-18,298.6377,64.1366,111.1368,171.7655,0.9931
2023-09-19,296.2605,63.0002,110.7235,173.1445,0.9942
2023-09-20,296.9897,62.7283,110.0549,170.9848,0.9934
2023-09-21,300.0275,63.529,110.2631,170.2152,0.9939
2023-09-22,299.0357,63.3019,111.1131,168.282,0.9914
2023-09-25,303.2737,63.3737,110.7401,167.3982,0.9901
2023-09-26,297.9339,62.8033,111.1152,168.2628,0.9861
2023-09-27,298.3255,62.5204,110.9497,171.318,0.9871
2023-09-28,294.4333,62.0062,110.4582,169.0784,0.9819
2023-09-29,293.0511,62.1496,110.7285,170.0403,0.9777
2023-10-02,291.3547,61.9949,110.4971,169.4298,0.9794
2023-10-03,290.3013,61.9194,111.1719,169.6843,0.9841
2023-10-04,292.2456,61.6639,110.65,168.1601,0.9797
2023-10-05,292.0437,61.8625,111.1746,169.0338,0.978
2023-10-06,285.324,60.8723,111.308,169.1817,0.9862
2023-10-09,289.4623,61.7909,110.8322,168.2752,0.9866
2023-10-10,287.0238,61.6059,111.0262,166.7973,0.9911
2023-10-11,287.4526,61.0292,110.9647,167.1776,0.9946
2023-10-12,286.45,61.1828,111.0655,165.3742,0.9881
2023-10-13,290.2159,62.2014,111.1359,167.7571,0.9944
2023-10-16,292.5715,62.2156,111.7911,169.1287,0.9925
2023-10-17,290.4595,61.9915,111.1316,169.6099,0.9888
2023-10-18,291.7797,61.9952,110.9817,168.4672,0.9877
2023-10-19,298.1972,63.4908,111.0196,168.7426,0.9928
2023-10-20,302.143,63.7657,110.8952,166.1811,0.9969
2023-10-23,309.4041,64.8824,109.8814,166.5805,0.9946
2023-10-24,307.1877,64.796,110.0265,165.953,0.9915
2023-10-25,307.7286,64.7161,109.5487,165.1653,0.9929
2023-10-26,307.2099,64.0877,109.9361,161.5901,0.9887
2023-10-27,305.1586,63.8397,110.1982,163.3199,0.9859
2023-10-30,307.2972,64.2329,109.4529,165.5647,0.9813
2023-10-31,308.8651,64.6174,109.5355,165.0113,0.9849
2023-11-01,303.5493,63.7986,109.3914,163.7928,0.9858
2023-11-02,307.3829,64.2364,109.6296,164.1953,0.9822
2023-11-03,306.5871,64.0015,109.3471,164.5906,0.9832
2023-11-06,301.2071,62.5721,109.5872,163.4391,0.9825
2023-11-07,303.9872,62.4994,108.9359,165.4335,0.9847
2023-11-08,302.6461,61.9518,108.7321,163.5652,0.9873
2023-11-09,300.0921,61.9875,108.6229,161.9788,0.9853
2023-11-10,291.3912,60.6591,108.7045,162.9165,0.9765
2023-11-13,295.3536,61.5487,109.1439,163.3489,0.9815
2023-11-14,290.5639,61.0995,108.9212,160.7515,0.9758
